Id,OrderId,ItemId
e0668a73-33c1-4998-aca1-5f228ec054c0,94630051-6765-47b0-bc01-3a207a5a4e92,49371d45-7af3-4268-b0e7-c0dc70acb565
8b76616a-dc20-4f2b-b267-950cda054bb8,6df4fdc7-051f-4d28-b03e-fcdd7b456df3,49371d45-7af3-4268-b0e7-c0dc70acb565
7901dd20-bc32-4510-be6e-6b33dfde1f81,84bbd40a-bca1-4710-b6ec-2be92fd4c8ab,afae0cad-093a-4bbd-8437-bd21bfc9ba62
55cc9119-11e0-4b63-9ad4-893a7bf28cee,fe00a950-7e36-4d4a-8325-28f3cf4a4aca,f3cb2753-5e34-4241-a653-54ef55da73b4
48de81f9-8e0a-4d2c-9e68-47dfc0e9586f,fe00a950-7e36-4d4a-8325-28f3cf4a4aca,819b646c-9741-4e66-8638-12566dd88d89
6660e6ed-ae10-4b89-b12c-7d84e347ce5c,6df4fdc7-051f-4d28-b03e-fcdd7b456df3,49371d45-7af3-4268-b0e7-c0dc70acb565
7a550331-8ffe-4546-aff8-ab8b3a3f788c,9fb625bb-af92-4ad7-8c9f-dca0ee528b1d,8935b451-13ca-46ef-a362-96cae7eedb6d
6f8703e0-d9ad-4884-aad8-775f08388f34,fe00a950-7e36-4d4a-8325-28f3cf4a4aca,49371d45-7af3-4268-b0e7-c0dc70acb565
2375e3cf-bcbd-4908-995d-4dd12a3a2abe,84bbd40a-bca1-4710-b6ec-2be92fd4c8ab,124bdf13-a692-4c41-829d-4d1d49886c00
772df081-b756-4616-8fc9-8e4e98c92b12,652e8c42-4521-4987-9bd7-67e15e545062,1eda1a96-46c8-4b2f-9bf4-b9563602f194
